{
    "meta": {
        "label": "Sage Dashboard - OS/VM Disk Space",
        "description": "Collect the Disk Space consumption of the Data Directory.",
        "icon": "fas fa-puzzle-piece"
    },
    "impersonate": false,
    "params": [],
    "permissions": [],
    "resultType": "HTML",
    "resultLabel": "my production",
    "extension": "txt",
    "mimeType": "text/plain",
    "macroRoles": [],
    "params": [
        {
            "name": "min_disk_space",
            "label": "Minimum Disk Space",
            "description": "Value is in GB. This sets the minimum disk space consumption use to track. For instance, a folder with a lot of files, but consumes 20Mb will not be tracked to keep the final dataset size down. Set to '0' to disable.",
            "type": "INT",
            "defaultValue": 1,
            "mandatory": true
        }
    ]
}
